"team","opp_team","stage_num","year","simulation","diff_elo","avg_goals_scored","avg_opp_goals_taken","team_has_home_advt","group_team","group_opp_team","match_num_semi"
"Italy","Iran",5,2026,"1",235,1.74007220216607,0.785597381342062,0,"5","6","1"
"Iran","Italy",5,2026,"1",-235,1.87234042553191,0.98676293622142,0,"6","5","1"
"Uzbekistan","Panama",5,2026,"1",15,1.7248322147651,1.58070866141732,-1,"2","7","2"
"Panama","Uzbekistan",5,2026,"1",-15,1.17716535433071,1.16778523489933,1,"7","2","2"
"Uzbekistan","Colombia",5,2026,"2",-346,1.7248322147651,1.18900343642612,0,"2","9","1"
"Panama","Nigeria",5,2026,"2",-135,1.17716535433071,1.02660406885759,1,"6","2","2"
"Nigeria","Panama",5,2026,"2",135,1.49295774647887,1.58070866141732,-1,"2","6","2"
"Colombia","Uzbekistan",5,2026,"2",346,1.26288659793814,1.16778523489933,0,"9","2","1"
